company_id,years_used,cfo_pat_ratio,cfo_quality
ABB,"[2020, 2021, 2022, 2023, 2024]",1.049042588613814,High Quality
ADANIENSOL,"[2020, 2021, 2022, 2023, 2024]",4.389232826387428,High Quality
ADANIENT,"[2020, 2021, 2022, 2023, 2024]",3.670388196608809,High Quality
ADANIGREEN,"[2020, 2021, 2022, 2023, 2024]",-0.023529155752257936,Accrual Risk
ADANIPORTS,"[2020, 2021, 2022, 2023, 2024]",1.923293066451101,High Quality
ADANIPOWER,"[2020, 2021, 2022, 2023, 2024]",1.3223405880103996,High Quality
AMBUJACEM,"[2019, 2020, 2021, 2023, 2024]",1.2246691794041549,High Quality
APOLLOHOSP,"[2020, 2021, 2022, 2023, 2024]",3.4884621283951085,High Quality
ASIANPAINT,"[2020, 2021, 2022, 2023, 2024]",0.9321931577763529,Moderate
AXISBANK,"[2020, 2021, 2022, 2023, 2024]",4.970634991862178,High Quality
BAJAJ-AUTO,"[2020, 2021, 2022, 2023, 2024]",0.7566632844852987,Moderate
BAJAJFINSV,"[2020, 2021, 2022, 2023, 2024]",-2.9936643656172417,Accrual Risk
BAJAJHLDNG,"[2020, 2021, 2022, 2023, 2024]",0.34018820955345913,Accrual Risk
BAJFINANCE,"[2020, 2021, 2022, 2023, 2024]",-3.758378367355445,Accrual Risk
BANKBARODA,"[2020, 2021, 2022, 2023, 2024]",3.4739109441634555,High Quality
BEL,"[2020, 2021, 2022, 2023, 2024]",1.4314097431750876,High Quality
BHARTIARTL,"[2020, 2021, 2022, 2023, 2024]",3.3340669561855663,High Quality
BHEL,"[2020, 2021, 2022, 2023, 2024]",-2.210785656327544,Accrual Risk
BOSCHLTD,"[2020, 2021, 2022, 2023, 2024]",1.0732338840131006,High Quality
BPCL,"[2020, 2021, 2022, 2023, 2024]",2.486510576648653,High Quality
BRITANNIA,"[2020, 2021, 2022, 2023, 2024]",1.046539262159868,High Quality
CANBK,"[2020, 2021, 2022, 2023, 2024]",4.069631350415008,High Quality
CHOLAFIN,"[2020, 2021, 2022, 2023, 2024]",-6.195324924972415,Accrual Risk
CIPLA,"[2020, 2021, 2022, 2023, 2024]",1.412222814051014,High Quality
COALINDIA,"[2020, 2021, 2022, 2023, 2024]",1.0216495325304558,High Quality
DABUR,"[2020, 2021, 2022, 2023, 2024]",1.0766383580254175,High Quality
DIVISLAB,"[2020, 2021, 2022, 2023, 2024]",0.9293273749797601,Moderate
DLF,"[2020, 2021, 2022, 2023, 2024]",0.946490479815318,Moderate
DMART,"[2020, 2021, 2022, 2023, 2024]",1.068669197812137,High Quality
DRREDDY,"[2020, 2021, 2022, 2023, 2024]",1.3421751740527739,High Quality
EICHERMOT,"[2020, 2021, 2022, 2023, 2024]",0.998535742862353,Moderate
GAIL,"[2020, 2021, 2022, 2023, 2024]",0.9900484324735057,Moderate
GODREJCP,"[2020, 2021, 2022, 2023, 2024]",0.12561994060682719,Accrual Risk
GRASIM,"[2020, 2021, 2022, 2023, 2024]",0.6128140684668629,Moderate
HAL,"[2020, 2021, 2022, 2023, 2024]",1.9630754165122695,High Quality
HAVELLS,"[2020, 2021, 2022, 2023, 2024]",1.0531615268489045,High Quality
HCLTECH,"[2020, 2021, 2022, 2023, 2024]",1.371283984612863,High Quality
HDFCBANK,"[2020, 2021, 2022, 2023, 2024]",0.22884538189179748,Accrual Risk
HDFCLIFE,"[2020, 2021, 2022, 2023, 2024]",5.829360645996696,High Quality
HEROMOTOCO,"[2020, 2021, 2022, 2023, 2024]",1.2120992284216576,High Quality
HINDALCO,"[2020, 2021, 2022, 2023, 2024]",2.7656766348986848,High Quality
HINDUNILVR,"[2020, 2021, 2022, 2023, 2024]",1.156176111154535,High Quality
ICICIBANK,"[2020, 2021, 2022, 2023, 2024]",3.8724380449452576,High Quality
ICICIGI,"[2020, 2021, 2022, 2023, 2024]",1.458965013017095,High Quality
ICICIPRULI,"[2020, 2021, 2022, 2023, 2024]",1.926589234229299,High Quality
INDIGO,"[2020, 2021, 2022, 2023, 2024]",-14.344662971577204,Accrual Risk
INDUSINDBK,"[2020, 2021, 2022, 2023, 2024]",2.610541715850155,High Quality
INFY,"[2020, 2021, 2022, 2023, 2024]",1.037696383329751,High Quality
IOC,"[2020, 2021, 2022, 2023, 2024]",0.7306430873244374,Moderate
IRCTC,"[2020, 2021, 2022, 2023, 2024]",0.9036900006508211,Moderate
IRFC,"[2020, 2021, 2022, 2023, 2024]",-10.796124309062407,Accrual Risk
ITC,"[2020, 2021, 2022, 2023, 2024]",0.9385693291996491,Moderate
JINDALSTEL,"[2020, 2021, 2022, 2023, 2024]",-2.800059220273794,Accrual Risk
JIOFIN,"[2023, 2024]",32.93394633705156,High Quality
JSWENERGY,"[2020, 2021, 2022, 2023, 2024]",2.6274789073610014,High Quality
JSWSTEEL,"[2020, 2021, 2022, 2023, 2024]",2.776890673714168,High Quality
KOTAKBANK,"[2020, 2021, 2022, 2023, 2024]",1.475807344465532,High Quality
LICI,"[2020, 2021, 2022, 2023, 2024]",9.679944954625284,High Quality
LODHA,"[2020, 2021, 2022, 2023, 2024]",13.309916661836478,High Quality
LT,"[2020, 2021, 2022, 2023, 2024]",1.4464230063906993,High Quality
LTIM,"[2020, 2021, 2022, 2023, 2024]",1.016292459052437,High Quality
M&M,"[2020, 2021, 2022, 2023, 2024]",3.3155577267694207,High Quality
MARUTI,"[2020, 2021, 2022, 2023, 2024]",1.1324044582012847,High Quality
MOTHERSON,"[2020, 2021, 2022, 2023, 2024]",3.0996690154579047,High Quality
NAUKRI,"[2020, 2021, 2022, 2023, 2024]",-1.4615389776946528,Accrual Risk
NESTLEIND,"[2020, 2021, 2022, 2023, 2024]",1.1143341868752212,High Quality
NHPC,"[2020, 2021, 2022, 2023, 2024]",1.2691923303945756,High Quality
NTPC,"[2020, 2021, 2022, 2023, 2024]",2.2609029067325563,High Quality
ONGC,"[2020, 2021, 2022, 2023, 2024]",2.864497231939887,High Quality
PFC,"[2020, 2021, 2022, 2023, 2024]",-3.0347961452634613,Accrual Risk
PIDILITIND,"[2020, 2021, 2022, 2023, 2024]",1.1872411286700877,High Quality
PNB,"[2020, 2021, 2022, 2023, 2024]",-1.2184982242957263,Accrual Risk
POWERGRID,"[2020, 2021, 2022, 2023, 2024]",2.355395296760425,High Quality
RECLTD,"[2020, 2021, 2022, 2023, 2024]",-3.8561659973777034,Accrual Risk
RELIANCE,"[2020, 2021, 2022, 2023, 2024]",1.6147594966369347,High Quality
SBILIFE,"[2020, 2021, 2022, 2023, 2024]",15.301624757997,High Quality
SBIN,"[2020, 2021, 2022, 2023, 2024]",1.053882118994846,High Quality
SHREECEM,"[2020, 2021, 2022, 2023, 2024]",1.9023337132811726,High Quality
SHRIRAMFIN,"[2020, 2021, 2022, 2023, 2024]",-2.6128210547429718,Accrual Risk
SIEMENS,"[2020, 2021, 2022, 2023, 2024]",0.8407752345640682,Moderate
SUNPHARMA,"[2020, 2021, 2022, 2023, 2024]",1.7566700862393236,High Quality
TATACONSUM,"[2020, 2021, 2022, 2023, 2024]",1.6654943996785712,High Quality
TATAMOTORS,"[2020, 2021, 2022, 2023, 2024]",1.9277048112155808,High Quality
TATAPOWER,"[2020, 2021, 2022, 2023, 2024]",3.866291981206616,High Quality
TATASTEEL,"[2020, 2021, 2022, 2023, 2024]",4.441136197317481,High Quality
TCS,"[2020, 2021, 2022, 2023, 2024]",1.0364105693048848,High Quality
TECHM,"[2020, 2021, 2022, 2023, 2024]",1.5447252871201116,High Quality
TITAN,"[2020, 2021, 2022, 2023, 2024]",0.9180593506856705,Moderate
TORNTPHARM,"[2020, 2021, 2022, 2023, 2024]",1.8310311329476943,High Quality
TRENT,"[2020, 2021, 2022, 2023, 2024]",1.1823415460786655,High Quality
TVSMOTOR,"[2020, 2021, 2022, 2023, 2024]",-0.7508952449451183,Accrual Risk
